Workbook

Sheet Sheet1
A1: Swiggy RID | B1: Zomato RID | C1: Outlet Name-New | D1: City | E1: Type | F1: Opening Date | G1: Address | H1: Coordinates | I1: Area Sq Ft | J1: Rental Monthly
A2: 30328 | B2: 306520 | C2: CC-ND-Alpha 2 | D2: Noida | E2: Dark Store | F2: =VLOOKUP(C2,Sheet2!$B$1:$G$39,4,FALSE) -> 43101 | G2: GF-55, K B COMPLEX, ALPHA-2, GR NOIDA-201310, GautamBudh Nagar Tahsil-I, Uttar Pradesh-201310 | H2: 28.47774289, 77.51745525 | I2: =VLOOKUP(C2,Sheet2!$B$1:$G$39,5,FALSE) -> 120 | J2: =VLOOKUP(C2,Sheet2!$B$1:$G$39,6,FALSE) -> 21000
A3: 149743 | B3: 18988513 | C3: CC-ND-Sector 68 | D3: Noida | E3: Dark Store | F3: =VLOOKUP(C3,Sheet2!$B$1:$G$39,4,FALSE) -> 43466 | G3: SHOP NO.3, AAKAR HOMES,VILLAGE GARHI, SECTOR-68, NOIDA CITY ZONE-2, Gautam Buddha Nagar , Uttar Pradesh-201301. | H3: 28.60013, 77.391105 | I3: =VLOOKUP(C3,Sheet2!$B$1:$G$39,5,FALSE) -> 160 | J3: =VLOOKUP(C3,Sheet2!$B$1:$G$39,6,FALSE) -> 24200
A4: 683556 | B4: 19561066 | C4: CC-GGN-Sector 4 | D4: Gurgaon | E4: Dark Store | F4: =VLOOKUP(C4,Sheet2!$B$1:$G$39,4,FALSE) -> 44531 | G4: PLOT NO.30, SEC-4 URBAN ESTATE GURGAON COMMERCIAL BOOTHS (AUCTION), Gurgaon, Haryana-122006 | H4: 28.474595, 77.009898 | I4: =VLOOKUP(C4,Sheet2!$B$1:$G$39,5,FALSE) -> 135 | J4: =VLOOKUP(C4,Sheet2!$B$1:$G$39,6,FALSE) -> 14000
A5: 846391 | B5: 21086662 | C5: CC-DL-Shahpurjat | D5: Delhi | E5: Dark Store | F5: =VLOOKUP(C5,Sheet2!$B$1:$G$39,4,FALSE) -> 45383 | G5: SHOP NO.4, SHAHPUR JAT VILLAGE , HAUZ KHAS, South , Delhi-110049 | H5: 28.5493681, 77.2157363 | I5: =VLOOKUP(C5,Sheet2!$B$1:$G$39,5,FALSE) -> 120 | J5: =VLOOKUP(C5,Sheet2!$B$1:$G$39,6,FALSE) -> 16000
A6: 846389 | B6: 21086673 | C6: CC-DL-Janakpuri | D6: Delhi | E6: Dark Store | F6: =VLOOKUP(C6,Sheet2!$B$1:$G$39,4,FALSE) -> 45383 | G6: Built-Up Property Bearing No. WZ-61, Nangli Jalib, B-1, Janakpuri, New Delhi -110058 | H6: 28.631104, 77.086174 | I6: =VLOOKUP(C6,Sheet2!$B$1:$G$39,5,FALSE) -> 150 | J6: =VLOOKUP(C6,Sheet2!$B$1:$G$39,6,FALSE) -> As mentioned in Sk-DL-Janakpuri
A7: 906777 | B7: 21251869 | C7: CC-DL-Krishna Nagar | D7: Delhi | E7: Dark Store | F7: =VLOOKUP(C7,Sheet2!$B$1:$G$39,4,FALSE) -> 45462 | G7: SHOP NO.5, F-15/10 KRISHNA NAGAR, East Delhi, Delhi-110051 | H7: 28.65901191, 77.28757508 | I7: =VLOOKUP(C7,Sheet2!$B$1:$G$39,5,FALSE) -> 140 | J7: =VLOOKUP(C7,Sheet2!$B$1:$G$39,6,FALSE) -> 16500
A8: 911775 | B8: 21264282 | C8: CC-GGN-DLF Ph 4 | D8: Gurgaon | E8: Dark Store | F8: =VLOOKUP(C8,Sheet2!$B$1:$G$39,4,FALSE) -> 45471 | G8: SHOP NO.13 VIJAYA COMPLEX VAKIL MAREKT CHAKKARPUR GURGAON, Haryana-122002 | H8: 28.4736853, 77.0804432 | I8: =VLOOKUP(C8,Sheet2!$B$1:$G$39,5,FALSE) -> 120 | J8: =VLOOKUP(C8,Sheet2!$B$1:$G$39,6,FALSE) -> 13200
A9: 943239 | B9: 21308818 | C9: CC-GGN-Sector 49 | D9: Gurgaon | E9: Dark Store | F9: =VLOOKUP(C9,Sheet2!$B$1:$G$39,4,FALSE) -> 45494 | G9: UNIT NO.122, IST FLOOR, BLOCK-D, THE ARCADIA-II SOUTY CITY-2 SEC-49, Gurgaon, Haryana-122018 | H9: 28.4200939, 77.0516226 | I9: =VLOOKUP(C9,Sheet2!$B$1:$G$39,5,FALSE) -> 140 | J9: =VLOOKUP(C9,Sheet2!$B$1:$G$39,6,FALSE) -> 27500
A10: 943240 | B10: 21317808 | C10: CC-ND-Sector 45 | D10: Noida | E10: Dark Store | F10: =VLOOKUP(C10,Sheet2!$B$1:$G$39,4,FALSE) -> 45492 | G10: GF A V RESIDENCY OYO 53M SADARPUR SECTOR-45 NOIDA, NOIDA CITY ZONE-4, Gautam Buddha Nagar , Uttar Pradesh-201301 | H10: 28.5554287, 77.3536438 | I10: =VLOOKUP(C10,Sheet2!$B$1:$G$39,5,FALSE) -> 150 | J10: =VLOOKUP(C10,Sheet2!$B$1:$G$39,6,FALSE) -> 16000
A11: 943241 | B11: 21317826 | C11: CC-ND-Sector141 | D11: Noida | E11: Dark Store | F11: =VLOOKUP(C11,Sheet2!$B$1:$G$39,4,FALSE) -> 45621 | G11: SHOP NO.1 GROUND FLOOR SECTOR-141, Noida, Gautam Buddha Nagar , Uttar Pradesh-201304 | H11: 28.5058039, 77.4147043 | I11: =VLOOKUP(C11,Sheet2!$B$1:$G$39,5,FALSE) -> 140 | J11: =VLOOKUP(C11,Sheet2!$B$1:$G$39,6,FALSE) -> 14850
A12: 1039227 | B12: 21710105 | C12: CC-DL-Shalimar Bagh | D12: Delhi | E12: Dark Store | F12: =VLOOKUP(C12,Sheet2!$B$1:$G$39,4,FALSE) -> 45703 | G12: SHOP NO- 13, GROUND FLOOR CSC, BLK AC-1, SHALIMAR BAGH EAST CITY NEAR ALL HEAVENS BAR, SARASWATI VIHAR, North West, Delhi- 110088 | H12: 28.7061146, 77.1697058 | I12: =VLOOKUP(C12,Sheet2!$B$1:$G$39,5,FALSE) -> 180 | J12: =VLOOKUP(C12,Sheet2!$B$1:$G$39,6,FALSE) -> 22500
A13: 1039224 | B13: 21710125 | C13: CC-DL-Karol Bagh | D13: Delhi | E13: Dark Store | F13: =VLOOKUP(C13,Sheet2!$B$1:$G$39,4,FALSE) -> 45703 | G13: 16/947-948, Ground Floor, Gali no.-3, Naiwala Faiz Road, Karol Bagh, Delhi- 110005 | H13: 28.6487076, 77.19840479 | I13: =VLOOKUP(C13,Sheet2!$B$1:$G$39,5,FALSE) -> 120 | J13: =VLOOKUP(C13,Sheet2!$B$1:$G$39,6,FALSE) -> 18000
... A35: 1302503 | B35: 22449679 | C35: CC-CHD-Sector 16 | D35: Chandigarh | E35: Dark Store | F35: =VLOOKUP(C35,Sheet2!$B$1:$G$39,4,FALSE) -> 46029 | G35: Booth No. 54, Sector 16D, Chandigarh- 160015 | H35: 30.7481828, 76.7742775 | I35: =VLOOKUP(C35,Sheet2!$B$1:$G$39,5,FALSE) -> 120 | J35: =VLOOKUP(C35,Sheet2!$B$1:$G$39,6,FALSE) -> 40000
A36: 1322819 | B36: 22521001 | C36: CC-FBD-Sector 37 | D36: Faridabad | E36: Dark Store | F36: 45698 | G36: SHOP NO.03, AMAN COMPLEX, (NO.22-23), OLD SHER SHAH SURI MARG SARAI KHWAJA, DAYAL BAGH , Faridabad, Haryana-121003
A37: 1322820 | B37: 22521042 | C37: CC-GGN-Udyog Vihar | D37: Gurgaon | E37: Dark Store | F37: 45698 | G37: GROUND FLOOR, SHOP NO.1 PLOT NO.586, DUNDAHERA VILLAGE SEC-20, Gurgaon, Haryana-122201
A38: 1328206 | B38: 22531033 | C38: CC-DL-Dwarka Mor | D38: Delhi | E38: Dark Store | F38: 45701 | G38: PLOT NO.E-10/41, OLD PLOT NO.10, PVT SHOP NO.2, BLOCK-E, NAWADA HOUSING COMPLEX, UTTAM NAGAR, DWARKA, Delhi-110059
A39: 1328207 | B39: 22531048 | C39: CC-ND-Diamond Plaza | D39: Noida | E39: Dark Store | F39: 45701 | G39: GROUND FLOOR SHOP UGC-28, GALAXY DIAMOND PLAZA, PLOT C 1A, SECTOR-4, NOIDA CITY ZONE-1, Gautam Buddha Nagar, Uttar Pradesh-201308
A40: 1328393 | B40: 22531070 | C40: CC-ND-Sector 116 | D40: Noida | E40: Dark Store | F40: 45701 | G40: GROUND FLOOR, SHOP NO.4, SECTOR-116, GATE NO.4 NOIDA, NOIDA CITY ZONE-4, Gautam Buddha Nagar, Uttar Pradesh-201301
A41: 1328212 | B41: 22531082 | C41: CC-JP-Pratap Nagar | D41: Jaipur | E41: Dark Store | F41: 45701 | G41: SHOP NO.193/SP/2/11, SECTOR-19, RHB, PRATAP NAGAR , SANGANER, Jaipur-II Ward 25, Jaipur, Rajasthan-302033
A42: 1331673 | B42: 22543455 | C42: CC-LKO-Jankipuram | D42: Lucknow | E42: Dark Store | F42: 45712 | G42: GROUND FLOOR MMIG-35 , SEC-A SITAPUR ROAD, YOJNA JANKIPURAM ALI GANJ, Nagar Nigam Food Safety Zone-12, Lucknow, Uttar Pradesh-226021
A43: 1331674 | B43: 22543471 | C43: CC-LKO-Ashiyana | D43: Lucknow | E43: Dark Store | F43: 45712 | G43: GROUND FLOOR SHOP NO.58, KHAZANA COMPLEX, SEC-K, ASHIYANA COLONEY, Nagar Nigam Food Safety Zone-18, Lucknow, Uttar Pradesh-206012
A44: 1331675 | B44: 22543478 | C44: CC-LKO-Hazratganj | D44: Lucknow | E44: Dark Store | F44: 45712 | G44: GROUND FLOOR, SHOP NO.3, 43/16 NAWAL KISHOR ROAD, OPPOSITE LAXMI ICE FACTORY HAZARATGANJ, Nagar Nigam Food Safety Zone-2, Lucknow, Uttar Pradesh-226001
A45: 1331676 | B45: 22550559 | C45: CC-LKO-Gomti Nagar | D45: Lucknow | E45: Dark Store | F45: 45712 | G45: SHOP AT VIBHUTI KHAND GROUND FLOOR PLOT NO. 2/142, GOMTI NAGAR, Nagar Nigam Food Safety Zone-14, Lucknow, Uttar Pradesh-206010
C46: SK-ND-Sector 67 | D46: Noida | E46: Spoke Kitchen | F46: =VLOOKUP(C46,Sheet2!$B$1:$G$39,4,FALSE) -> 43466 | I46: =VLOOKUP(C46,Sheet2!$B$1:$G$39,5,FALSE) -> 700 | J46: =VLOOKUP(C46,Sheet2!$B$1:$G$39,6,FALSE) -> Same as mentioned in Central Kitchen
C47: SK-GGN-Sikanderpur | D47: Gurgaon | E47: Spoke Kitchen | F47: =VLOOKUP(C47,Sheet2!$B$1:$G$39,4,FALSE) -> 44531 | I47: =VLOOKUP(C47,Sheet2!$B$1:$G$39,5,FALSE) -> 1500 | J47: =VLOOKUP(C47,Sheet2!$B$1:$G$39,6,FALSE) -> 70000
C48: Sk-DL-Janakpuri | D48: Delhi | E48: Spoke Kitchen | F48: =VLOOKUP(C48,Sheet2!$B$1:$G$39,4,FALSE) -> 45489 | I48: =VLOOKUP(C48,Sheet2!$B$1:$G$39,5,FALSE) -> 550 | J48: =VLOOKUP(C48,Sheet2!$B$1:$G$39,6,FALSE) -> 47250

Sheet Sheet2
A1: S No | B1: Location Name | C1: Store Type | D1: Address | E1: Date of Opening | F1: Area Sq Ft | G1: Rental Monthly
A2: 7 | B2: CC-ND-Alpha 2 | C2: Dark Store | D2: GF-55, K B COMPLEX, ALPHA-2, GR NOIDA-201310, GautamBudh Nagar Tahsil-I, Uttar Pradesh-201310 | E2: 43101 | F2: 120 | G2: 21000
A3: 9 | B3: CC-ND-Sector 68 | C3: Dark Store | D3: SHOP NO.3, AAKAR HOMES,VILLAGE GARHI, SECTOR-68, NOIDA CITY ZONE-2, Gautam Buddha Nagar , Uttar Pradesh-201301. | E3: 43466 | F3: 160 | G3: 24200
A4: 33 | B4: SK-ND-Sector 67 | C4: Spoke Kitchen | D4: A-37, Sector 67, Noida- 201301 | E4: 43466 | F4: 700 | G4: Same as mentioned in Central Kitchen
A5: 32 | B5: SK-GGN-Sikanderpur | C5: Spoke Kitchen | E5: 44531 | F5: 1500 | G5: 70000
A6: 5 | B6: CC-GGN-Sector 4 | C6: Dark Store | D6: SHOP NO.8, GROUND FLOOR, PLOT NO.8, SHIV CHOWK, RAJEEV NAGAR, Gurgaon, Haryana-122001 | E6: 44531 | F6: 135 | G6: 14000
A7: 3 | B7: CC-DL-Shahpurjat | C7: Dark Store | D7: SHOP NO.4, SHAHPUR JAT VILLAGE , HAUZ KHAS, South , Delhi-110049 | E7: 45383 | F7: 120 | G7: 16000
A8: 1 | B8: CC-DL-Janakpuri | C8: Dark Store | D8: Built-Up Property Bearing No. WZ-61, Nangli Jalib, B-1, Janakpuri, New Delhi -110058 | E8: 45383 | F8: 150 | G8: As mentioned in Sk-DL-Janakpuri
A9: 2 | B9: CC-DL-Krishna Nagar | C9: Dark Store | D9: SHOP NO.5, F-15/10 KRISHNA NAGAR, East Delhi, Delhi-110051 | E9: 45462 | F9: 140 | G9: 16500
A10: 4 | B10: CC-GGN-DLF Ph 4 | C10: Dark Store | D10: SHOP NO.13 VIJAYA COMPLEX VAKIL MAREKT CHAKKARPUR GURGAON, Haryana-122002 | E10: 45471 | F10: 120 | G10: 13200
A11: 31 | B11: Sk-DL-Janakpuri | C11: Spoke Kitchen | D11: Built-Up Property Bearing No. WZ-61, Nangli Jalib, B-1, Janakpuri, New Delhi -110058 | E11: 45489 | F11: 550 | G11: 47250
A12: 8 | B12: CC-ND-Sector 45 | C12: Dark Store | D12: GF A V RESIDENCY OYO 53M SADARPUR SECTOR-45 NOIDA, NOIDA CITY ZONE-4, Gautam Buddha Nagar , Uttar Pradesh-201301 | E12: 45492 | F12: 150 | G12: 16000
A13: 6 | B13: CC-GGN-Sector 49 | C13: Dark Store | D13: BLOCK D UNIT NO.116 RODEO DRIVE MARKET, UNITECH ARCADIA-II SOUTH CITY-2 SECTOR-49 , Gurgaon, Haryana-122018 | E13: 45494 | F13: 140 | G13: 27500
A14: 38 | B14: Central Kitchen | C14: Central Kitchen | D14: A 37 Sector 67 Noida | E14: 45566 | F14: 15300 | G14: 563850
A15: 10 | B15: CC-ND-Sector141 | C15: Dark Store | D15: SHOP NO.1 GROUND FLOOR SECTOR-141, Noida, Gautam Buddha Nagar , Uttar Pradesh-201304 | E15: 45621 | F15: 140 | G15: 14850
A16: 11 | B16: CC-DL-Dwarka | C16: Dark Store | D16: A-80, Shop No.-3, Sector- 7, Bhati Nursing, Palm Extension, Dwarka, New Delhi- 110075 | E16: 45702 | F16: 150 | G16: 18000
A17: 12 | B17: CC-DL-Karol Bagh | C17: Dark Store | D17: 16/947-948, Ground Floor, Gali no.-3, Naiwala Faiz Road, Karol Bagh, Delhi- 110005 | E17: 45703 | F17: 120 | G17: 18000
A18: 13 | B18: CC-DL-Shalimar Bagh | C18: Dark Store | D18: SHOP NO- 13, GROUND FLOOR CSC, BLK AC-1, SHALIMAR BAGH EAST CITY NEAR ALL HEAVENS BAR, SARASWATI VIHAR, North West, Delhi- 110088 | E18: 45703 | F18: 180 | G18: 22500
A19: 14 | B19: CC-FBD-Sector 15 | C19: Dark Store | D19: D-542, Village Ajronda , Sector -15A Market, Near Satsang Bhawan Road, Faridabad, Haryana - 121007 | E19: 45741 | F19: 120 | G19: 15000
A20: 15 | B20: CC-GZB-Vasundhara | C20: Dark Store | D20: SHOP NO.28 PLOT NO.11, SUNRISE MALL, SECTOR 11 VASUNDHARA, Ghaziabad Nagar Nigam Zone-5, Uttar Pradesh-201012 | E20: 45741 | F20: 120 | G20: 14000
... A39: 36 | B39: CC-CHD-Sector 16 | C39: Dark Store | D39: Booth No. 54, Sector 16D, Chandigarh- 160015 | E39: 46029 | F39: 120 | G39: 40000
